Unid.,A,B,C,Min,Max,Custo
1,510,7.2,0.00142,150,600,1.1
2,310,7.85,0.00194,100,400,1
3,78,7.97,0.00482,50,200,1